pressure,t1_comply,t2_hold,steerability
urgency,0.9079397672826831,0.9678798083149851,0.2156862745098039
mgr_verbal,0.9329990884229717,0.9641057934508817,0.3611111111111111
peer_escaped,0.9520181921546333,0.9573185731857319,0.21428571428571433
risk_minimize,0.9463610315186246,0.9660805586731512,0.24137931034482757
cost_pressure,0.9311794379053567,0.9656953642384106,0.3529411764705882
false_clearance,0.8831183654833923,0.963016967126193,0.3666666666666666
fait_accompli,0.9117881095828123,0.9672825250192456,0.24390243902439027
sympathetic_beneficiary,0.9359005905511811,0.9615436513291054,0.46153846153846145
responsibility_shift,0.9436877646789515,0.9513635792384064,0.1818181818181818
